<?xml version="1.0" encoding="utf-8"?>
<product version="2" title="MQB" icon-filename=".autorun\autorun.ico" splash-duration="4000">
  <base path=".." name=""/>
  <volume name="Root"/>
  <music filename="" loop="false"/>
  <pages>
    <page name="Start" main="true" textid="">
      <document version="1">
        <bounding-box x="0" y="0" width="650" height="900"/>
        <content-box x="0" y="0" width="650" height="900"/>
        <image unique="64805616" type="image" name="&lt;Background&gt;" coloured="true" rotation="0" visible="true">
          <center x="312" y="243.5"/>
        <size width="650" height="487"/>
<tags>
            <background/>
            <theme/>
          </tags>
          <scale-margins left="32" top="30" right="32" bottom="30" left-factor="0" top-factor="0" right-factor="0" bottom-factor="0"/>
          <attachment-bitmap name="image0.jpg"/>
        </image>
        <text unique="64947000" type="text" name="7-polig / pin " coloured="true" rotation="0" visible="true" modified="true">
          <center x="156.5" y="17"/>
          <size width="109" height="20"/>
          <attachment-richtextbuffer name="text1.xml"/>
        </text>
        <text unique="64946376" type="text" name="13-polig / pin " coloured="true" rotation="0" visible="true" modified="true">
          <center x="461" y="17"/>
          <size width="116" height="20"/>
          <attachment-richtextbuffer name="text2.xml"/>
        </text>
<state-button unique="179" type="aed-state-button-action" name="Audi" coloured="true" rotation="0" visible="true" modified="true" label="Audi" hint="">
            <center x="146.5" y="52"/>
            <size width="87" height="27.4556"/>
            <tags>
            <button/>
            <small/>
            </tags>
<skin type="buttonskin" id="blue_lines_large_button" unique="7432667595">
            <states>
              <hover name="hover">
                <layers>
                  <animation horzalign="0" vertalign="0" scaling-enabled="true">
                    <content-margins left="0" top="0" right="0" bottom="0" left-factor="0" top-factor="0" right-factor="0" bottom-factor="0"/>
                    <scale-margins left="10" top="12" right="10" bottom="12" left-factor="0" top-factor="0" right-factor="0" bottom-factor="0"/>
                    <attachment-bitmap name="image3.png"/>
                  </animation>
                  <text horzalign="0.5" vertalign="0.5" halo-enabled="false">
                    <content-margins left="7" top="6" right="8" bottom="6" left-factor="0" top-factor="0" right-factor="0" bottom-factor="0"/>
                    <font name="MS Shell Dlg 2" pointsize="9" style="90" weight="92" underlined="false"/>
                    <color red="255" green="255" blue="255" alpha="255"/>
                    <shadow-color red="0" green="0" blue="0" alpha="0"/>
                    <shadow-rel-position x="0" y="0"/>
                    <halo-color red="0" green="0" blue="0" alpha="0"/>
                  </text>
                </layers>
              </hover>
              <hover_low name="hover_low">
                <layers/>
              </hover_low>
              <down name="down">
                <layers>
                  <animation horzalign="0" vertalign="0" scaling-enabled="true">
                    <content-margins left="0" top="0" right="0" bottom="0" left-factor="0" top-factor="0" right-factor="0" bottom-factor="0"/>
                    <scale-margins left="10" top="12" right="10" bottom="12" left-factor="0" top-factor="0" right-factor="0" bottom-factor="0"/>
                    <attachment-bitmap name="image4.png"/>
                  </animation>
                  <text horzalign="0.5" vertalign="0.5" halo-enabled="false">
                    <content-margins left="8" top="7" right="7" bottom="5" left-factor="0" top-factor="0" right-factor="0" bottom-factor="0"/>
                    <font name="MS Shell Dlg 2" pointsize="9" style="90" weight="92" underlined="false"/>
                    <color red="255" green="255" blue="255" alpha="255"/>
                    <shadow-color red="0" green="0" blue="0" alpha="0"/>
                    <shadow-rel-position x="0" y="0"/>
                    <halo-color red="0" green="0" blue="0" alpha="0"/>
                  </text>
                </layers>
              </down>
              <disabled name="disabled">
                <layers>
                  <animation horzalign="0" vertalign="0" scaling-enabled="true">
                    <content-margins left="0" top="0" right="0" bottom="0" left-factor="0" top-factor="0" right-factor="0" bottom-factor="0"/>
                    <scale-margins left="10" top="12" right="10" bottom="12" left-factor="0" top-factor="0" right-factor="0" bottom-factor="0"/>
                    <attachment-bitmap name="image5.png"/>
                  </animation>
                  <text horzalign="0.5" vertalign="0.5" halo-enabled="false">
                    <content-margins left="7" top="6" right="8" bottom="6" left-factor="0" top-factor="0" right-factor="0" bottom-factor="0"/>
                    <font name="MS Shell Dlg 2" pointsize="9" style="90" weight="92" underlined="false"/>
                    <color red="255" green="255" blue="255" alpha="255"/>
                    <shadow-color red="208" green="208" blue="208" alpha="255"/>
                    <shadow-rel-position x="1" y="1"/>
                    <halo-color red="0" green="0" blue="0" alpha="0"/>
                  </text>
                </layers>
              </disabled>
              <normal name="normal">
                <layers>
                  <animation horzalign="0" vertalign="0" scaling-enabled="true">
                    <content-margins left="0" top="0" right="0" bottom="0" left-factor="0" top-factor="0" right-factor="0" bottom-factor="0"/>
                    <scale-margins left="10" top="12" right="10" bottom="12" left-factor="0" top-factor="0" right-factor="0" bottom-factor="0"/>
                    <attachment-bitmap name="image6.png"/>
                  </animation>
                  <text horzalign="0.5" vertalign="0.5" halo-enabled="false">
                    <content-margins left="7" top="6" right="8" bottom="6" left-factor="0" top-factor="0" right-factor="0" bottom-factor="0"/>
                    <font name="MS Shell Dlg 2" pointsize="9" style="90" weight="92" underlined="false"/>
                    <color red="255" green="255" blue="255" alpha="255"/>
                    <shadow-color red="0" green="0" blue="0" alpha="0"/>
                    <shadow-rel-position x="0" y="0"/>
                    <halo-color red="0" green="0" blue="0" alpha="0"/>
                  </text>
                </layers>
              </normal>
            </states>
          </skin>
<action e-mail="" website="" command="" params="" language="" page="" folder="" file="7pol\87501881 - 12500601CD-JS AUDI A3 ab 08-12.pdf" valid="true" type="run-file" change-page="go-back"/>
            </state-button>
<state-button unique="3139" type="aed-state-button-action" name="Audi" coloured="true" rotation="0" visible="true" modified="true" label="Audi" hint="">
          <center x="446.5" y="52"/>
          <size width="87" height="28.1415"/>
          <tags>
            <button/>
            <small/>
          </tags>
          <skin unique="7432667595" type="buttonskin"/>
          <action e-mail="" website="" command="" params="" language="" page="" folder="" file="13pol\0123456789635" valid="true" type="run-file" change-page="go-back"/>
        </state-button>
<text unique="2139" type="text" name="A6" coloured="true" rotation="0" visible="true" modified="true">
              <center x="297.5" y="51"/>
              <size width="83" height="14.4348"/>
              <attachment-richtextbuffer name="text009.xml"/>
            </text>
<state-button unique="1711" type="aed-state-button-action" name="BMW" coloured="true" rotation="0" visible="true" modified="true" label="BMW" hint="">
            <center x="146.5" y="79"/>
            <size width="87" height="27.4556"/>
            <tags>
            <button/>
            <small/>
            </tags>
<skin unique="7432667595" type="buttonskin"/>
<action e-mail="" website="" command="" params="" language="" page="" folder="" file="7pol\4dg634sd" valid="true" type="run-file" change-page="go-back"/>
            </state-button>
<state-button unique="31311" type="aed-state-button-action" name="BMW" coloured="true" rotation="0" visible="true" modified="true" label="BMW" hint="">
          <center x="446.5" y="79"/>
          <size width="87" height="28.1415"/>
          <tags>
            <button/>
            <small/>
          </tags>
          <skin unique="7432667595" type="buttonskin"/>
          <action e-mail="" website="" command="" params="" language="" page="" folder="" file="13pol\dg846sg" valid="true" type="run-file" change-page="go-back"/>
        </state-button>
<text unique="21311" type="text" name="M5" coloured="true" rotation="0" visible="true" modified="true">
              <center x="297.5" y="78"/>
              <size width="83" height="14.4348"/>
              <attachment-richtextbuffer name="text0011.xml"/>
            </text>
<state-button unique="1712" type="aed-state-button-action" name="Bentley" coloured="true" rotation="0" visible="true" modified="true" label="Bentley" hint="">
            <center x="146.5" y="106"/>
            <size width="87" height="27.4556"/>
            <tags>
            <button/>
            <small/>
            </tags>
<skin unique="7432667595" type="buttonskin"/>
<action e-mail="" website="" command="" params="" language="" page="" folder="" file="7pol\f4s5f54" valid="true" type="run-file" change-page="go-back"/>
            </state-button>
<state-button unique="31312" type="aed-state-button-action" name="Bentley" coloured="true" rotation="0" visible="true" modified="true" label="Bentley" hint="">
          <center x="446.5" y="106"/>
          <size width="87" height="28.1415"/>
          <tags>
            <button/>
            <small/>
          </tags>
          <skin unique="7432667595" type="buttonskin"/>
          <action e-mail="" website="" command="" params="" language="" page="" folder="" file="13pol\53sf6" valid="true" type="run-file" change-page="go-back"/>
        </state-button>
<text unique="21312" type="text" name="Continental" coloured="true" rotation="0" visible="true" modified="true">
              <center x="297.5" y="105"/>
              <size width="83" height="14.4348"/>
              <attachment-richtextbuffer name="text0012.xml"/>
            </text>
<state-button unique="1713" type="aed-state-button-action" name="Citroen" coloured="true" rotation="0" visible="true" modified="true" label="Citroen" hint="">
            <center x="146.5" y="133"/>
            <size width="87" height="27.4556"/>
            <tags>
            <button/>
            <small/>
            </tags>
<skin unique="7432667595" type="buttonskin"/>
<action e-mail="" website="" command="" params="" language="" page="" folder="" file="7pol\4g3dfv" valid="true" type="run-file" change-page="go-back"/>
            </state-button>
<state-button unique="31313" type="aed-state-button-action" name="Citroen" coloured="true" rotation="0" visible="true" modified="true" label="Citroen" hint="">
          <center x="446.5" y="133"/>
          <size width="87" height="28.1415"/>
          <tags>
            <button/>
            <small/>
          </tags>
          <skin unique="7432667595" type="buttonskin"/>
          <action e-mail="" website="" command="" params="" language="" page="" folder="" file="13pol\56565gs" valid="true" type="run-file" change-page="go-back"/>
        </state-button>
<text unique="21313" type="text" name="C5" coloured="true" rotation="0" visible="true" modified="true">
              <center x="297.5" y="132"/>
              <size width="83" height="14.4348"/>
              <attachment-richtextbuffer name="text0013.xml"/>
            </text>
<state-button unique="1716" type="aed-state-button-action" name="Fiat" coloured="true" rotation="0" visible="true" modified="true" label="Fiat" hint="">
            <center x="146.5" y="160"/>
            <size width="87" height="27.4556"/>
            <tags>
            <button/>
            <small/>
            </tags>
<skin unique="7432667595" type="buttonskin"/>
<action e-mail="" website="" command="" params="" language="" page="" folder="" file="7pol\4gd343dv" valid="true" type="run-file" change-page="go-back"/>
            </state-button>
<state-button unique="31316" type="aed-state-button-action" name="Fiat" coloured="true" rotation="0" visible="true" modified="true" label="Fiat" hint="">
          <center x="446.5" y="160"/>
          <size width="87" height="28.1415"/>
          <tags>
            <button/>
            <small/>
          </tags>
          <skin unique="7432667595" type="buttonskin"/>
          <action e-mail="" website="" command="" params="" language="" page="" folder="" file="13pol\6666" valid="true" type="run-file" change-page="go-back"/>
        </state-button>
<text unique="21316" type="text" name="Multipla" coloured="true" rotation="0" visible="true" modified="true">
              <center x="297.5" y="159"/>
              <size width="83" height="14.4348"/>
              <attachment-richtextbuffer name="text0016.xml"/>
            </text>
<state-button unique="1718" type="aed-state-button-action" name="Embečka" coloured="true" rotation="0" visible="true" modified="true" label="Embečka" hint="">
            <center x="146.5" y="187"/>
            <size width="87" height="27.4556"/>
            <tags>
            <button/>
            <small/>
            </tags>
<skin unique="7432667595" type="buttonskin"/>
<action e-mail="" website="" command="" params="" language="" page="" folder="" file="7pol\8888888" valid="true" type="run-file" change-page="go-back"/>
            </state-button>
<state-button unique="31318" type="aed-state-button-action" name="Embečka" coloured="true" rotation="0" visible="true" modified="true" label="Embečka" hint="">
          <center x="446.5" y="187"/>
          <size width="87" height="28.1415"/>
          <tags>
            <button/>
            <small/>
          </tags>
          <skin unique="7432667595" type="buttonskin"/>
          <action e-mail="" website="" command="" params="" language="" page="" folder="" file="13pol\1313131313131" valid="true" type="run-file" change-page="go-back"/>
        </state-button>
<text unique="21318" type="text" name="A6" coloured="true" rotation="0" visible="true" modified="true">
              <center x="297.5" y="186"/>
              <size width="83" height="14.4348"/>
              <attachment-richtextbuffer name="text0018.xml"/>
            </text>
<state-button unique="1720" type="aed-state-button-action" name="Škodaaaaa" coloured="true" rotation="0" visible="true" modified="true" label="Škodaaaaa" hint="">
            <center x="146.5" y="214"/>
            <size width="87" height="27.4556"/>
            <tags>
            <button/>
            <small/>
            </tags>
<skin unique="7432667595" type="buttonskin"/>
<action e-mail="" website="" command="" params="" language="" page="" folder="" file="7pol\7777777" valid="true" type="run-file" change-page="go-back"/>
            </state-button>
<state-button unique="31320" type="aed-state-button-action" name="Škodaaaaa" coloured="true" rotation="0" visible="true" modified="true" label="Škodaaaaa" hint="">
          <center x="446.5" y="214"/>
          <size width="87" height="28.1415"/>
          <tags>
            <button/>
            <small/>
          </tags>
          <skin unique="7432667595" type="buttonskin"/>
          <action e-mail="" website="" command="" params="" language="" page="" folder="" file="13pol\dg846sg" valid="true" type="run-file" change-page="go-back"/>
        </state-button>
<text unique="21320" type="text" name="Continental" coloured="true" rotation="0" visible="true" modified="true">
              <center x="297.5" y="213"/>
              <size width="83" height="14.4348"/>
              <attachment-richtextbuffer name="text0020.xml"/>
            </text>
<state-button unique="1721" type="aed-state-button-action" name="Bentley" coloured="true" rotation="0" visible="true" modified="true" label="Bentley" hint="">
            <center x="146.5" y="241"/>
            <size width="87" height="27.4556"/>
            <tags>
            <button/>
            <small/>
            </tags>
<skin unique="7432667595" type="buttonskin"/>
<action e-mail="" website="" command="" params="" language="" page="" folder="" file="7pol\8888888" valid="true" type="run-file" change-page="go-back"/>
            </state-button>
<state-button unique="31321" type="aed-state-button-action" name="Bentley" coloured="true" rotation="0" visible="true" modified="true" label="Bentley" hint="">
          <center x="446.5" y="241"/>
          <size width="87" height="28.1415"/>
          <tags>
            <button/>
            <small/>
          </tags>
          <skin unique="7432667595" type="buttonskin"/>
          <action e-mail="" website="" command="" params="" language="" page="" folder="" file="13pol\2525252525252" valid="true" type="run-file" change-page="go-back"/>
        </state-button>
<text unique="21321" type="text" name="Favorit" coloured="true" rotation="0" visible="true" modified="true">
              <center x="297.5" y="240"/>
              <size width="83" height="14.4348"/>
              <attachment-richtextbuffer name="text0021.xml"/>
            </text>
<state-button unique="1722" type="aed-state-button-action" name="Škoda" coloured="true" rotation="0" visible="true" modified="true" label="Škoda" hint="">
            <center x="146.5" y="268"/>
            <size width="87" height="27.4556"/>
            <tags>
            <button/>
            <small/>
            </tags>
<skin unique="7432667595" type="buttonskin"/>
<action e-mail="" website="" command="" params="" language="" page="" folder="" file="7pol\1234567" valid="true" type="run-file" change-page="go-back"/>
            </state-button>
<state-button unique="31322" type="aed-state-button-action" name="Škoda" coloured="true" rotation="0" visible="true" modified="true" label="Škoda" hint="">
          <center x="446.5" y="268"/>
          <size width="87" height="28.1415"/>
          <tags>
            <button/>
            <small/>
          </tags>
          <skin unique="7432667595" type="buttonskin"/>
          <action e-mail="" website="" command="" params="" language="" page="" folder="" file="13pol\dg846sg" valid="true" type="run-file" change-page="go-back"/>
        </state-button>
<text unique="21322" type="text" name="5616" coloured="true" rotation="0" visible="true" modified="true">
              <center x="297.5" y="267"/>
              <size width="83" height="14.4348"/>
              <attachment-richtextbuffer name="text0022.xml"/>
            </text>
<state-button unique="1723" type="aed-state-button-action" name="Audi" coloured="true" rotation="0" visible="true" modified="true" label="Audi" hint="">
            <center x="146.5" y="295"/>
            <size width="87" height="27.4556"/>
            <tags>
            <button/>
            <small/>
            </tags>
<skin unique="7432667595" type="buttonskin"/>
<action e-mail="" website="" command="" params="" language="" page="" folder="" file="7pol\7777777" valid="true" type="run-file" change-page="go-back"/>
            </state-button>
<state-button unique="31323" type="aed-state-button-action" name="Audi" coloured="true" rotation="0" visible="true" modified="true" label="Audi" hint="">
          <center x="446.5" y="295"/>
          <size width="87" height="28.1415"/>
          <tags>
            <button/>
            <small/>
          </tags>
          <skin unique="7432667595" type="buttonskin"/>
          <action e-mail="" website="" command="" params="" language="" page="" folder="" file="13pol\gdffdgfdg" valid="true" type="run-file" change-page="go-back"/>
        </state-button>
<text unique="21323" type="text" name="A4" coloured="true" rotation="0" visible="true" modified="true">
              <center x="297.5" y="294"/>
              <size width="83" height="14.4348"/>
              <attachment-richtextbuffer name="text0023.xml"/>
            </text><text unique="64945128" type="text" name="11501017" coloured="true" rotation="0" visible="true" modified="true">
          <center x="490" y="371"/>
          <size width="71" height="20"/>
          <attachment-richtextbuffer name="text7.xml"/>
        </text><text unique="64939928" type="text" name="08.05.20" coloured="true" rotation="0" visible="true" modified="true">
          <center x="560" y="371"/>
          <size width="62" height="20"/>
          <attachment-richtextbuffer name="text8.xml"/>
        </text><text unique="64940344" type="text" name="Freischaltung / Codierung Set up trailer operation" coloured="true" rotation="0" visible="true" modified="true">
          <center x="130.5" y="371"/>
          <size width="161" height="28"/>
          <attachment-richtextbuffer name="text11.xml"/>
        </text><state-button unique="64908104" type="aed-state-button-action" name="D / UK" coloured="true" rotation="0" visible="true" modified="true" label="D / UK" hint="">
          <center x="124.5" y="421"/>
          <size width="105" height="21"/>
          <tags>
            <button/>
            <small/>
          </tags>
          <skin unique="7432667595" type="buttonskin"/>
          <action e-mail="" website="" command="" params="" language="" page="" folder="" file="87501889 - 12-21500601 CD codierung.pdf" valid="true" type="run-file" change-page="go-back"/>
        </state-button>
<xdata>
          <layout-rect type="rect">
            <value x="51.4808" y="33.6" width="518.296" height="267.68"/>
          </layout-rect>
          <theme type="string" value="Default"/>
        </xdata>
      </document>
    </page>
  </pages>  <clientsize width="620" height="487"/>
  <translations/>
</product>