<?xml version="1.0" encoding="UTF-8"?>
<richtext version="1.0.0.0" xmlns="http://www.wxwidgets.org">
  <paragraphlayout textcolor="#000000" fontsize="10" fontstyle="90" fontweight="90" fontunderlined="0" fontface="Arial" alignment="0" leftindent="0" leftsubindent="0" rightindent="0" parspacingafter="0" parspacingbefore="0" linespacing="0" bulletstyle="0" bulletnumber="0" parstyle="Normal" tabs="">
    <paragraph alignment="2">
      <text textcolor="#FFFFFF" fontsize="9" fontstyle="90" fontweight="92" fontunderlined="0" fontface="Arial">Freischaltung / Codierung</text>
    </paragraph>
    <paragraph textcolor="#FFFFFF" fontsize="9" fontstyle="90" fontweight="92" fontunderlined="0" fontface="Arial" alignment="2">
      <text fontsize="9">Set up trailer operation</text>
    </paragraph>
  </paragraphlayout>
</richtext>
